Longitude (x),Latitude (y),Station Name,Climate ID,Date/Time,Year,Month,Day,Data Quality,Max Temp (°C),Max Temp Flag,Min Temp (°C),Min Temp Flag,Mean Temp (°C),Mean Temp Flag,Heat Deg Days (°C),Heat Deg Days Flag,Cool Deg Days (°C),Cool Deg Days Flag,Total Rain (mm),Total Rain Flag,Total Snow (cm),Total Snow Flag,Total Precip (mm),Total Precip Flag,Snow on Grnd (cm),Snow on Grnd Flag,Dir of Max Gust (10s deg),Dir of Max Gust Flag,Spd of Max Gust (km/h),Spd of Max Gust Flag
-83.09,42.1,AMHERSTBURG,6130257,2020-01-01,2020,1,1,†,3.5,,-3.5,,0,,18,,0,,0,,0,,0,,1,,,,,
-83.09,42.1,AMHERSTBURG,6130257,2020-01-02,2020,1,2,†,10,,1,,5.5,,12.5,,0,,0,,0,,0,,0,,,,,
-83.09,42.1,AMHERSTBURG,6130257,2020-01-03,2020,1,3,†,7,,0.5,,3.8,,14.2,,0,,0.4,,0,,0.4,,0,,,,,
-83.09,42.1,AMHERSTBURG,6130257,2020-01-04,2020,1,4,†,3,,0.5,,1.8,,16.2,,0,,0,,0.6,,0.6,,0,,,,,
-83.09,42.1,AMHERSTBURG,6130257,2020-01-05,2020,1,5,†,4.5,,-1.5,,1.5,,16.5,,0,,0,,1,,1,,0,,,,,
-83.09,42.1,AMHERSTBURG,6130257,2020-01-06,2020,1,6,†,7,,-0.5,,3.3,,14.7,,0,,0,,0,,0,,0,,,,,
-83.09,42.1,AMHERSTBURG,6130257,2020-01-07,2020,1,7,†,7.5,,-3.5,,2,,16,,0,,0,,0,T,0,T,0,,,,,
-83.09,42.1,AMHERSTBURG,6130257,2020-01-08,2020,1,8,†,-3,,-5,,-4,,22,,0,,0,,0,T,0,T,0,T,,,,
-83.09,42.1,AMHERSTBURG,6130257,2020-01-09,2020,1,9,†,7.5,,-10.5,,-1.5,,19.5,,0,,2.4,,0,,2.4,,0,,,,,
-83.09,42.1,AMHERSTBURG,6130257,2020-01-10,2020,1,10,†,11.5,,4,,7.8,,10.2,,0,,11.4,,0,,11.4,,0,,,,,
-83.09,42.1,AMHERSTBURG,6130257,2020-01-11,2020,1,11,†,12,,2,,7,,11,,0,,42,,0,T,42,,0,,,,,
-83.09,42.1,AMHERSTBURG,6130257,2020-01-12,2020,1,12,†,0,,-4.5,,-2.3,,20.3,,0,,0,,1,,1,,0,T,,,,
-83.09,42.1,AMHERSTBURG,6130257,2020-01-13,2020,1,13,†,4.5,,-2,,1.3,,16.7,,0,,0,,0,,0,,1,,,,,
-83.09,42.1,AMHERSTBURG,6130257,2020-01-14,2020,1,14,†,7,,-1.5,,2.8,,15.2,,0,,0,,0,,0,,0,,,,,
-83.09,42.1,AMHERSTBURG,6130257,2020-01-15,2020,1,15,†,6,,-4,,1,,17,,0,,1,,0,,1,,0,,,,,
-83.09,42.1,AMHERSTBURG,6130257,2020-01-16,2020,1,16,†,2,,-2.5,,-0.3,,18.3,,0,,0,,0,,0,,0,,,,,
-83.09,42.1,AMHERSTBURG,6130257,2020-01-17,2020,1,17,†,0,,-8,,-4,,22,,0,,0,T,14,,14,,0,,,,,
-83.09,42.1,AMHERSTBURG,6130257,2020-01-18,2020,1,18,†,5,,-4,,0.5,,17.5,,0,,8,,0,T,8,,14,,,,,
-83.09,42.1,AMHERSTBURG,6130257,2020-01-19,2020,1,19,†,-5,,-9,,-7,,25,,0,,0,,0,T,0,T,11,,,,,
-83.09,42.1,AMHERSTBURG,6130257,2020-01-20,2020,1,20,†,-3,,-9.5,,-6.3,,24.3,,0,,0,,0,,0,,10,,,,,
-83.09,42.1,AMHERSTBURG,6130257,2020-01-21,2020,1,21,†,-0.5,,-8.5,,-4.5,,22.5,,0,,0,,0,,0,,9,,,,,
-83.09,42.1,AMHERSTBURG,6130257,2020-01-22,2020,1,22,†,0,,-5,,-2.5,,20.5,,0,,0,,0,,0,,9,,,,,
-83.09,42.1,AMHERSTBURG,6130257,2020-01-23,2020,1,23,†,3,,-3.5,,-0.3,,18.3,,0,,4,,0,,4,,9,,,,,
-83.09,42.1,AMHERSTBURG,6130257,2020-01-24,2020,1,24,†,3,,0.5,,1.8,,16.2,,0,,14.4,,0,,14.4,,7,,,,,
-83.09,42.1,AMHERSTBURG,6130257,2020-01-25,2020,1,25,†,3,,1,,2,,16,,0,,2.2,,0,T,2.2,,3,,,,,
-83.09,42.1,AMHERSTBURG,6130257,2020-01-26,2020,1,26,†,2.5,,0,,1.3,,16.7,,0,,0,,0,T,0,T,0,T,,,,
-83.09,42.1,AMHERSTBURG,6130257,2020-01-27,2020,1,27,†,3,,0.5,,1.8,,16.2,,0,,0,,0,T,0,T,0,,,,,
-83.09,42.1,AMHERSTBURG,6130257,2020-01-28,2020,1,28,†,2.5,,0,,1.3,,16.7,,0,,0,,0,,0,,0,,,,,
-83.09,42.1,AMHERSTBURG,6130257,2020-01-29,2020,1,29,†,0,,-1.5,,-0.8,,18.8,,0,,0,,0,T,0,T,0,,,,,
-83.09,42.1,AMHERSTBURG,6130257,2020-01-30,2020,1,30,†,0.5,,-1.5,,-0.5,,18.5,,0,,0,,0,T,0,T,0,,,,,
-83.09,42.1,AMHERSTBURG,6130257,2020-01-31,2020,1,31,†,2.5,,-2,,0.3,,17.7,,0,,0,,0,T,0,T,0,,,,,
-83.09,42.1,AMHERSTBURG,6130257,2020-02-01,2020,2,1,†,2,,-6,,-2,,20,,0,,0,,1,,1,,0,,,,,
-83.09,42.1,AMHERSTBURG,6130257,2020-02-02,2020,2,2,†,11,,0,,5.5,,12.5,,0,,0,,0,,0,,0,T,,,,
-83.09,42.1,AMHERSTBURG,6130257,2020-02-03,2020,2,3,†,11,,-2,,4.5,,13.5,,0,,0,,0,,0,,0,,,,,
-83.09,42.1,AMHERSTBURG,6130257,2020-02-04,2020,2,4,†,3,,1.5,,2.3,,15.7,,0,,0,,0,,0,,0,,,,,
-83.09,42.1,AMHERSTBURG,6130257,2020-02-05,2020,2,5,†,0,,-5,,-2.5,,20.5,,0,,0,,4,,4,,0,,,,,
-83.09,42.1,AMHERSTBURG,6130257,2020-02-06,2020,2,6,†,-1.5,,-5,,-3.3,,21.3,,0,,0,,3,,3,,4,,,,,
-83.09,42.1,AMHERSTBURG,6130257,2020-02-07,2020,2,7,†,1.5,,-3,,-0.8,,18.8,,0,,0,,1,,1,,7,,,,,
-83.09,42.1,AMHERSTBURG,6130257,2020-02-08,2020,2,8,†,-0.5,,-3.5,,-2,,20,,0,,0,,1,,1,,6,,,,,
-83.09,42.1,AMHERSTBURG,6130257,2020-02-09,2020,2,9,†,3,,-4.5,,-0.8,,18.8,,0,,0,,0,T,0,T,5,,,,,
-83.09,42.1,AMHERSTBURG,6130257,2020-02-10,2020,2,10,†,2.5,,-0.5,,1,,17,,0,,0,,0,,0,,4,,,,,
-83.09,42.1,AMHERSTBURG,6130257,2020-02-11,2020,2,11,†,5.5,,-2,,1.8,,16.2,,0,,0,,0,,0,,2,,,,,
-83.09,42.1,AMHERSTBURG,6130257,2020-02-12,2020,2,12,†,2,,-4,,-1,,19,,0,,0,,2,,2,,0,,,,,
-83.09,42.1,AMHERSTBURG,6130257,2020-02-13,2020,2,13,†,2,,-3,,-0.5,,18.5,,0,,0,,2,,2,,2,,,,,
-83.09,42.1,AMHERSTBURG,6130257,2020-02-14,2020,2,14,†,-5,,-15,,-10,,28,,0,,0,,0,,0,,4,,,,,
-83.09,42.1,AMHERSTBURG,6130257,2020-02-15,2020,2,15,†,1.5,,-9.5,,-4,,22,,0,,0,,0,,0,,3,,,,,
-83.09,42.1,AMHERSTBURG,6130257,2020-02-16,2020,2,16,†,5.5,,-1.5,,2,,16,,0,,0,,0,,0,,2,,,,,
-83.09,42.1,AMHERSTBURG,6130257,2020-02-17,2020,2,17,†,4,,-5,,-0.5,,18.5,,0,,3.6,,0,,3.6,,0,,,,,
-83.09,42.1,AMHERSTBURG,6130257,2020-02-18,2020,2,18,†,6.5,,-0.5,,3,,15,,0,,0,,0,,0,,0,,,,,
-83.09,42.1,AMHERSTBURG,6130257,2020-02-19,2020,2,19,†,1.5,,-5,,-1.8,,19.8,,0,,0,,0,,0,,0,,,,,
-83.09,42.1,AMHERSTBURG,6130257,2020-02-20,2020,2,20,†,-2.5,,-8.5,,-5.5,,23.5,,0,,0,,0,,0,,0,,,,,
-83.09,42.1,AMHERSTBURG,6130257,2020-02-21,2020,2,21,†,2.5,,-10.5,,-4,,22,,0,,0,,0,,0,,0,,,,,
-83.09,42.1,AMHERSTBURG,6130257,2020-02-22,2020,2,22,†,8.5,,-4,,2.3,,15.7,,0,,0,,0,,0,,0,,,,,
-83.09,42.1,AMHERSTBURG,6130257,2020-02-23,2020,2,23,†,10.5,,-1,,4.8,,13.2,,0,,0,,0,,0,,0,,,,,
-83.09,42.1,AMHERSTBURG,6130257,2020-02-24,2020,2,24,†,9,,-2,,3.5,,14.5,,0,,5.6,,0,,5.6,,0,,,,,
-83.09,42.1,AMHERSTBURG,6130257,2020-02-25,2020,2,25,†,4,,1,,2.5,,15.5,,0,,3,,4,,7,,0,,,,,
-83.09,42.1,AMHERSTBURG,6130257,2020-02-26,2020,2,26,†,0.5,,-2,,-0.8,,18.8,,0,,0,,4,,4,,4,,,,,
-83.09,42.1,AMHERSTBURG,6130257,2020-02-27,2020,2,27,†,-1.5,,-7.5,,-4.5,,22.5,,0,,0,,0,,0,,8,,,,,
-83.09,42.1,AMHERSTBURG,6130257,2020-02-28,2020,2,28,†,-0.5,,-7,,-3.8,,21.8,,0,,0,,0,,0,,6,,,,,
-83.09,42.1,AMHERSTBURG,6130257,2020-02-29,2020,2,29,†,2,,-7,,-2.5,,20.5,,0,,0,,0,,0,,4,,,,,
-83.09,42.1,AMHERSTBURG,6130257,2020-03-01,2020,3,1,†,8,,-7.5,,0.3,,17.7,,0,,12,,0,,12,,3,,,,,
-83.09,42.1,AMHERSTBURG,6130257,2020-03-02,2020,3,2,†,12,,3,,7.5,,10.5,,0,,3,,0,,3,,0,,,,,
-83.09,42.1,AMHERSTBURG,6130257,2020-03-03,2020,3,3,†,11,,-1,,5,,13,,0,,0,,0,,0,,0,,,,,
-83.09,42.1,AMHERSTBURG,6130257,2020-03-04,2020,3,4,†,9.5,,-0.5,,4.5,,13.5,,0,,0.2,,0,T,0.2,,0,,,,,
-83.09,42.1,AMHERSTBURG,6130257,2020-03-05,2020,3,5,†,9.5,,-6,,1.8,,16.2,,0,,0.4,,0,,0.4,,0,,,,,
-83.09,42.1,AMHERSTBURG,6130257,2020-03-06,2020,3,6,†,3,,-1,,1,,17,,0,,1.6,,0,T,1.6,,0,,,,,
-83.09,42.1,AMHERSTBURG,6130257,2020-03-07,2020,3,7,†,5.5,,-6,,-0.3,,18.3,,0,,0,,0,,0,,0,,,,,
-83.09,42.1,AMHERSTBURG,6130257,2020-03-08,2020,3,8,†,15,,0,,7.5,,10.5,,0,,0,,0,,0,,0,,,,,
-83.09,42.1,AMHERSTBURG,6130257,2020-03-09,2020,3,9,†,17,,5.5,,11.3,,6.7,,0,,5,,0,,5,,0,,,,,
-83.09,42.1,AMHERSTBURG,6130257,2020-03-10,2020,3,10,†,11.5,,5,,8.3,,9.7,,0,,0,,0,,0,,0,,,,,
-83.09,42.1,AMHERSTBURG,6130257,2020-03-11,2020,3,11,†,8,,-1.5,,3.3,,14.7,,0,,0,,0,,0,,0,,,,,
-83.09,42.1,AMHERSTBURG,6130257,2020-03-12,2020,3,12,†,12,,2,,7,,11,,0,,0,,0,,0,,0,,,,,
-83.09,42.1,AMHERSTBURG,6130257,2020-03-13,2020,3,13,†,10,,4,,7,,11,,0,,0,,0,,0,,0,,,,,
-83.09,42.1,AMHERSTBURG,6130257,2020-03-14,2020,3,14,†,5,,-1.5,,1.8,,16.2,,0,,0,,0,,0,,0,,,,,
-83.09,42.1,AMHERSTBURG,6130257,2020-03-15,2020,3,15,†,7,,-1,,3,,15,,0,,0,,0,,0,,0,,,,,
-83.09,42.1,AMHERSTBURG,6130257,2020-03-16,2020,3,16,,,,,,,,,,,,,,,,,,,,,,,
-83.09,42.1,AMHERSTBURG,6130257,2020-03-17,2020,3,17,†,12,,-4,,4,,14,,0,,0,,0,,0,,0,,,,,
-83.09,42.1,AMHERSTBURG,6130257,2020-03-18,2020,3,18,†,8.5,,-2,,3.3,,14.7,,0,,16,,0,,16,,0,,,,,
-83.09,42.1,AMHERSTBURG,6130257,2020-03-19,2020,3,19,†,15,,3,,9,,9,,0,,8,,0,,8,,0,,,,,
-83.09,42.1,AMHERSTBURG,6130257,2020-03-20,2020,3,20,†,19,,6.5,,12.8,,5.2,,0,,0.4,,0,,0.4,,0,,,,,
-83.09,42.1,AMHERSTBURG,6130257,2020-03-21,2020,3,21,†,4,,-3.5,,0.3,,17.7,,0,,0,,0,,0,,0,,,,,
-83.09,42.1,AMHERSTBURG,6130257,2020-03-22,2020,3,22,†,5,,-7.5,,-1.3,,19.3,,0,,0,,3,,3,,0,,,,,
-83.09,42.1,AMHERSTBURG,6130257,2020-03-23,2020,3,23,†,6.5,,-0.5,,3,,15,,0,,1.4,,0,,1.4,,3,,,,,
-83.09,42.1,AMHERSTBURG,6130257,2020-03-24,2020,3,24,†,6,,2,,4,,14,,0,,0,,0,,0,,0,,,,,
-83.09,42.1,AMHERSTBURG,6130257,2020-03-25,2020,3,25,†,11.5,,-1,,5.3,,12.7,,0,,0,,0,,0,,0,,,,,
-83.09,42.1,AMHERSTBURG,6130257,2020-03-26,2020,3,26,†,17.5,,5,,11.3,,6.7,,0,,4.4,,0,,4.4,,0,,,,,
-83.09,42.1,AMHERSTBURG,6130257,2020-03-27,2020,3,27,†,7.5,,2,,4.8,,13.2,,0,,34.2,,0,,34.2,,0,,,,,
-83.09,42.1,AMHERSTBURG,6130257,2020-03-28,2020,3,28,†,14,,4,,9,,9,,0,,16.4,,0,,16.4,,0,,,,,
-83.09,42.1,AMHERSTBURG,6130257,2020-03-29,2020,3,29,†,18,,7.5,,12.8,,5.2,,0,,0.2,,0,,0.2,,0,,,,,
-83.09,42.1,AMHERSTBURG,6130257,2020-03-30,2020,3,30,†,9,,5.5,,7.3,,10.7,,0,,0,,0,,0,,0,,,,,
-83.09,42.1,AMHERSTBURG,6130257,2020-03-31,2020,3,31,†,8,,4,,6,,12,,0,,1,,0,,1,,0,,,,,
-83.09,42.1,AMHERSTBURG,6130257,2020-04-01,2020,4,1,†,10,,4.5,,7.3,,10.7,,0,,0.2,,0,,0.2,,0,,,,,
-83.09,42.1,AMHERSTBURG,6130257,2020-04-02,2020,4,2,†,16,,1.5,,8.8,,9.2,,0,,0,,0,,0,,0,,,,,
-83.09,42.1,AMHERSTBURG,6130257,2020-04-03,2020,4,3,†,16,,-1.5,,7.3,,10.7,,0,,0,,0,,0,,0,,,,,
-83.09,42.1,AMHERSTBURG,6130257,2020-04-04,2020,4,4,†,16,,0,,8,,10,,0,,0.8,,0,,0.8,,0,,,,,
-83.09,42.1,AMHERSTBURG,6130257,2020-04-05,2020,4,5,†,13,,4.5,,8.8,,9.2,,0,,0,,0,,0,,0,,,,,
-83.09,42.1,AMHERSTBURG,6130257,2020-04-06,2020,4,6,†,15,,-2,,6.5,,11.5,,0,,3.2,,0,,3.2,,0,,,,,
-83.09,42.1,AMHERSTBURG,6130257,2020-04-07,2020,4,7,†,20.5,,6,,13.3,,4.7,,0,,15.2,,0,,15.2,,0,,,,,
-83.09,42.1,AMHERSTBURG,6130257,2020-04-08,2020,4,8,†,21,,10,,15.5,,2.5,,0,,2.8,,0,,2.8,,0,,,,,
-83.09,42.1,AMHERSTBURG,6130257,2020-04-09,2020,4,9,†,11,,4,,7.5,,10.5,,0,,0.2,,0,T,0.2,,0,,,,,
-83.09,42.1,AMHERSTBURG,6130257,2020-04-10,2020,4,10,†,9,,0,,4.5,,13.5,,0,,0,,0,,0,,0,,,,,
-83.09,42.1,AMHERSTBURG,6130257,2020-04-11,2020,4,11,†,15,,-1,,7,,11,,0,,2.8,,0,,2.8,,0,,,,,
-83.09,42.1,AMHERSTBURG,6130257,2020-04-12,2020,4,12,†,16.5,,7,,11.8,,6.2,,0,,7.4,,0,,7.4,,0,,,,,
-83.09,42.1,AMHERSTBURG,6130257,2020-04-13,2020,4,13,†,13,,6,,9.5,,8.5,,0,,0.4,,0,,0.4,,0,,,,,
-83.09,42.1,AMHERSTBURG,6130257,2020-04-14,2020,4,14,†,7.5,,-0.5,,3.5,,14.5,,0,,1.2,,0,,1.2,,0,,,,,
-83.09,42.1,AMHERSTBURG,6130257,2020-04-15,2020,4,15,†,4,,-1.5,,1.3,,16.7,,0,,0,,1,,1,,0,,,,,
-83.09,42.1,AMHERSTBURG,6130257,2020-04-16,2020,4,16,†,7.5,,-3.5,,2,,16,,0,,0,,0,T,0,T,0,,,,,
-83.09,42.1,AMHERSTBURG,6130257,2020-04-17,2020,4,17,†,4,,-1.5,,1.3,,16.7,,0,,0,,10,,10,,0,,,,,
-83.09,42.1,AMHERSTBURG,6130257,2020-04-18,2020,4,18,†,13,,-2,,5.5,,12.5,,0,,0,,0,,0,,3,,,,,
-83.09,42.1,AMHERSTBURG,6130257,2020-04-19,2020,4,19,†,18.5,,5.5,,12,,6,,0,,0,,0,,0,,0,,,,,
-83.09,42.1,AMHERSTBURG,6130257,2020-04-20,2020,4,20,†,13,,-3,,5,,13,,0,,1.6,,0,T,1.6,,0,,,,,
-83.09,42.1,AMHERSTBURG,6130257,2020-04-21,2020,4,21,†,7,,1,,4,,14,,0,,0,,0,T,0,T,0,,,,,
-83.09,42.1,AMHERSTBURG,6130257,2020-04-22,2020,4,22,†,5.5,,-3,,1.3,,16.7,,0,,3.2,,0,T,3.2,,0,,,,,
-83.09,42.1,AMHERSTBURG,6130257,2020-04-23,2020,4,23,†,8.5,,1,,4.8,,13.2,,0,,0.8,,0,,0.8,,0,,,,,
-83.09,42.1,AMHERSTBURG,6130257,2020-04-24,2020,4,24,†,15,,3.5,,9.3,,8.7,,0,,0,,0,,0,,0,,,,,
-83.09,42.1,AMHERSTBURG,6130257,2020-04-25,2020,4,25,†,15,,2,,8.5,,9.5,,0,,0.6,,0,,0.6,,0,,,,,
-83.09,42.1,AMHERSTBURG,6130257,2020-04-26,2020,4,26,†,15.5,,7,,11.3,,6.7,,0,,0,,0,,0,,0,,,,,
-83.09,42.1,AMHERSTBURG,6130257,2020-04-27,2020,4,27,†,16.5,,0.5,,8.5,,9.5,,0,,0.8,,0,,0.8,,0,,,,,
-83.09,42.1,AMHERSTBURG,6130257,2020-04-28,2020,4,28,†,21,,8.5,,14.8,,3.2,,0,,3.6,,0,,3.6,,0,,,,,
-83.09,42.1,AMHERSTBURG,6130257,2020-04-29,2020,4,29,†,19,,11,,15,,3,,0,,1.4,,0,,1.4,,0,,,,,
-83.09,42.1,AMHERSTBURG,6130257,2020-04-30,2020,4,30,†,14,,8,,11,,7,,0,,8.2,,0,,8.2,,0,,,,,
-83.09,42.1,AMHERSTBURG,6130257,2020-05-01,2020,5,1,†,18.5,,7,,12.8,,5.2,,0,,0.4,,0,,0.4,,0,,,,,
-83.09,42.1,AMHERSTBURG,6130257,2020-05-02,2020,5,2,†,25,,9.5,,17.3,,0.7,,0,,0,,0,,0,,0,,,,,
-83.09,42.1,AMHERSTBURG,6130257,2020-05-03,2020,5,3,†,25.5,,13.5,,19.5,,0,,1.5,,0,,0,,0,,0,,,,,
-83.09,42.1,AMHERSTBURG,6130257,2020-05-04,2020,5,4,†,14.5,,5.5,,10,,8,,0,,0,,0,,0,,0,,,,,
-83.09,42.1,AMHERSTBURG,6130257,2020-05-05,2020,5,5,†,11,,3,,7,,11,,0,,0,,0,,0,,0,,,,,
-83.09,42.1,AMHERSTBURG,6130257,2020-05-06,2020,5,6,†,16,,3.5,,9.8,,8.2,,0,,0,,0,,0,,0,,,,,
-83.09,42.1,AMHERSTBURG,6130257,2020-05-07,2020,5,7,†,20,,3,,11.5,,6.5,,0,,0,,0,,0,,0,,,,,
-83.09,42.1,AMHERSTBURG,6130257,2020-05-08,2020,5,8,†,7.5,,3,,5.3,,12.7,,0,,0,,0,T,0,T,0,,,,,
-83.09,42.1,AMHERSTBURG,6130257,2020-05-09,2020,5,9,†,11.5,,-2,,4.8,,13.2,,0,,0,,0,,0,,0,,,,,
-83.09,42.1,AMHERSTBURG,6130257,2020-05-10,2020,5,10,†,18,,5,,11.5,,6.5,,0,,11,,0,,11,,0,,,,,
-83.09,42.1,AMHERSTBURG,6130257,2020-05-11,2020,5,11,†,9,,1,,5,,13,,0,,0.4,,0,,0.4,,0,,,,,
-83.09,42.1,AMHERSTBURG,6130257,2020-05-12,2020,5,12,†,16,,1,,8.5,,9.5,,0,,0,,0,,0,,0,,,,,
-83.09,42.1,AMHERSTBURG,6130257,2020-05-13,2020,5,13,†,15,,-2,,6.5,,11.5,,0,,0,,0,,0,,0,,,,,
-83.09,42.1,AMHERSTBURG,6130257,2020-05-14,2020,5,14,†,16,,4,,10,,8,,0,,25.4,,0,,25.4,,0,,,,,
-83.09,42.1,AMHERSTBURG,6130257,2020-05-15,2020,5,15,†,22,,14,,18,,0,,0,,4.6,,0,,4.6,,0,,,,,
-83.09,42.1,AMHERSTBURG,6130257,2020-05-16,2020,5,16,†,22.5,,10,,16.3,,1.7,,0,,0,,0,,0,,0,,,,,
-83.09,42.1,AMHERSTBURG,6130257,2020-05-17,2020,5,17,†,17.5,,10.5,,14,,4,,0,,2,,0,,2,,0,,,,,
-83.09,42.1,AMHERSTBURG,6130257,2020-05-18,2020,5,18,†,16.5,,13,,14.8,,3.2,,0,,29.2,,0,,29.2,,0,,,,,
-83.09,42.1,AMHERSTBURG,6130257,2020-05-19,2020,5,19,†,21,,12,,16.5,,1.5,,0,,0,,0,,0,,0,,,,,
-83.09,42.1,AMHERSTBURG,6130257,2020-05-20,2020,5,20,†,20,,8.5,,14.3,,3.7,,0,,0,,0,,0,,0,,,,,
-83.09,42.1,AMHERSTBURG,6130257,2020-05-21,2020,5,21,†,21.5,,12.5,,17,,1,,0,,1.6,,0,,1.6,,0,,,,,
-83.09,42.1,AMHERSTBURG,6130257,2020-05-22,2020,5,22,†,19,,13.5,,16.3,,1.7,,0,,4.4,,0,,4.4,,0,,,,,
-83.09,42.1,AMHERSTBURG,6130257,2020-05-23,2020,5,23,†,23.5,,13,,18.3,,0,,0.3,,0,,0,,0,,0,,,,,
-83.09,42.1,AMHERSTBURG,6130257,2020-05-24,2020,5,24,†,30,,15,,22.5,,0,,4.5,,0,,0,,0,,0,,,,,
-83.09,42.1,AMHERSTBURG,6130257,2020-05-25,2020,5,25,†,30.5,,16.5,,23.5,,0,,5.5,,0,,0,,0,,0,,,,,
-83.09,42.1,AMHERSTBURG,6130257,2020-05-26,2020,5,26,†,32.5,,17.5,,25,,0,,7,,0,,0,,0,,0,,,,,
-83.09,42.1,AMHERSTBURG,6130257,2020-05-27,2020,5,27,†,28.5,,17.5,,23,,0,,5,,0,T,0,,0,T,0,,,,,
-83.09,42.1,AMHERSTBURG,6130257,2020-05-28,2020,5,28,†,27,,19,,23,,0,,5,,1,,0,,1,,0,,,,,
-83.09,42.1,AMHERSTBURG,6130257,2020-05-29,2020,5,29,†,25,,15.5,,20.3,,0,,2.3,,12,,0,,12,,0,,,,,
-83.09,42.1,AMHERSTBURG,6130257,2020-05-30,2020,5,30,†,22,,13,,17.5,,0.5,,0,,0,,0,,0,,0,,,,,
-83.09,42.1,AMHERSTBURG,6130257,2020-05-31,2020,5,31,†,19,,6.5,,12.8,,5.2,,0,,0,,0,,0,,0,,,,,
-83.09,42.1,AMHERSTBURG,6130257,2020-06-01,2020,6,1,†,23.5,,9,,16.3,,1.7,,0,,3.2,,0,,3.2,,0,,,,,
-83.09,42.1,AMHERSTBURG,6130257,2020-06-02,2020,6,2,†,32,,14.5,,23.3,,0,,5.3,,0,,0,,0,,0,,,,,
-83.09,42.1,AMHERSTBURG,6130257,2020-06-03,2020,6,3,†,28.5,,21.5,,25,,0,,7,,0,,0,,0,,0,,,,,
-83.09,42.1,AMHERSTBURG,6130257,2020-06-04,2020,6,4,†,30,,16,,23,,0,,5,,0,T,0,,0,T,0,,,,,
-83.09,42.1,AMHERSTBURG,6130257,2020-06-05,2020,6,5,†,31.5,,17.5,,24.5,,0,,6.5,,0,,0,,0,,0,,,,,
-83.09,42.1,AMHERSTBURG,6130257,2020-06-06,2020,6,6,†,28.5,,16,,22.3,,0,,4.3,,0,,0,,0,,0,,,,,
-83.09,42.1,AMHERSTBURG,6130257,2020-06-07,2020,6,7,†,25,,12,,18.5,,0,,0.5,,0,,0,,0,,0,,,,,
-83.09,42.1,AMHERSTBURG,6130257,2020-06-08,2020,6,8,†,27,,11,,19,,0,,1,,0,,0,,0,,0,,,,,
-83.09,42.1,AMHERSTBURG,6130257,2020-06-09,2020,6,9,†,33,,13.5,,23.3,,0,,5.3,,0.6,,0,,0.6,,0,,,,,
-83.09,42.1,AMHERSTBURG,6130257,2020-06-10,2020,6,10,†,32.5,,23,,27.8,,0,,9.8,,5,,0,,5,,0,,,,,
-83.09,42.1,AMHERSTBURG,6130257,2020-06-11,2020,6,11,†,26,,15.5,,20.8,,0,,2.8,,0,,0,,0,,0,,,,,
-83.09,42.1,AMHERSTBURG,6130257,2020-06-12,2020,6,12,†,24.5,,15,,19.8,,0,,1.8,,0,,0,,0,,0,,,,,
-83.09,42.1,AMHERSTBURG,6130257,2020-06-13,2020,6,13,†,20,,10,,15,,3,,0,,0,,0,,0,,0,,,,,
-83.09,42.1,AMHERSTBURG,6130257,2020-06-14,2020,6,14,†,22,,8.5,,15.3,,2.7,,0,,0,,0,,0,,0,,,,,
-83.09,42.1,AMHERSTBURG,6130257,2020-06-15,2020,6,15,†,25.5,,10.5,,18,,0,,0,,0,,0,,0,,0,,,,,
-83.09,42.1,AMHERSTBURG,6130257,2020-06-16,2020,6,16,†,28,,13,,20.5,,0,,2.5,,0,,0,,0,,0,,,,,
-83.09,42.1,AMHERSTBURG,6130257,2020-06-17,2020,6,17,†,29.5,,10.5,,20,,0,,2,,0,,0,,0,,0,,,,,
-83.09,42.1,AMHERSTBURG,6130257,2020-06-18,2020,6,18,†,30.5,,14.5,,22.5,,0,,4.5,,0,,0,,0,,0,,,,,
-83.09,42.1,AMHERSTBURG,6130257,2020-06-19,2020,6,19,†,32,,16,,24,,0,,6,,0,,0,,0,,0,,,,,
-83.09,42.1,AMHERSTBURG,6130257,2020-06-20,2020,6,20,†,33,,18,,25.5,,0,,7.5,,4,,0,,4,,0,,,,,
-83.09,42.1,AMHERSTBURG,6130257,2020-06-21,2020,6,21,†,31,,20,,25.5,,0,,7.5,,0.4,,0,,0.4,,0,,,,,
-83.09,42.1,AMHERSTBURG,6130257,2020-06-22,2020,6,22,†,29.5,,21,,25.3,,0,,7.3,,1.6,,0,,1.6,,0,,,,,
-83.09,42.1,AMHERSTBURG,6130257,2020-06-23,2020,6,23,†,27,,18.5,,22.8,,0,,4.8,,8.8,,0,,8.8,,0,,,,,
-83.09,42.1,AMHERSTBURG,6130257,2020-06-24,2020,6,24,†,26,,15.5,,20.8,,0,,2.8,,0,,0,,0,,0,,,,,
-83.09,42.1,AMHERSTBURG,6130257,2020-06-25,2020,6,25,†,28.5,,14.5,,21.5,,0,,3.5,,0,,0,,0,,0,,,,,
-83.09,42.1,AMHERSTBURG,6130257,2020-06-26,2020,6,26,†,30,,14.5,,22.3,,0,,4.3,,34,,0,,34,,0,,,,,
-83.09,42.1,AMHERSTBURG,6130257,2020-06-27,2020,6,27,†,30.5,,19.5,,25,,0,,7,,3.2,,0,,3.2,,0,,,,,
-83.09,42.1,AMHERSTBURG,6130257,2020-06-28,2020,6,28,†,29.5,,16,,22.8,,0,,4.8,,0.4,,0,,0.4,,0,,,,,
-83.09,42.1,AMHERSTBURG,6130257,2020-06-29,2020,6,29,†,30.5,,16.5,,23.5,,0,,5.5,,0,,0,,0,,0,,,,,
-83.09,42.1,AMHERSTBURG,6130257,2020-06-30,2020,6,30,†,31.5,,17,,24.3,,0,,6.3,,0,,0,,0,,0,,,,,
-83.09,42.1,AMHERSTBURG,6130257,2020-07-01,2020,7,1,†,30.5,,17.5,,24,,0,,6,,0,,0,,0,,0,,,,,
-83.09,42.1,AMHERSTBURG,6130257,2020-07-02,2020,7,2,†,32.5,,19.5,,26,,0,,8,,0,,0,,0,,0,,,,,
-83.09,42.1,AMHERSTBURG,6130257,2020-07-03,2020,7,3,†,35,,20,,27.5,,0,,9.5,,0,,0,,0,,0,,,,,
-83.09,42.1,AMHERSTBURG,6130257,2020-07-04,2020,7,4,†,32.5,,22,,27.3,,0,,9.3,,0,,0,,0,,0,,,,,
-83.09,42.1,AMHERSTBURG,6130257,2020-07-05,2020,7,5,†,33,,16,,24.5,,0,,6.5,,0,,0,,0,,0,,,,,
-83.09,42.1,AMHERSTBURG,6130257,2020-07-06,2020,7,6,†,35,,20,,27.5,,0,,9.5,,0,,0,,0,,0,,,,,
-83.09,42.1,AMHERSTBURG,6130257,2020-07-07,2020,7,7,†,35.5,,21,,28.3,,0,,10.3,,8.8,,0,,8.8,,0,,,,,
-83.09,42.1,AMHERSTBURG,6130257,2020-07-08,2020,7,8,†,34,,21,,27.5,,0,,9.5,,0,,0,,0,,0,,,,,
-83.09,42.1,AMHERSTBURG,6130257,2020-07-09,2020,7,9,†,34,,21.5,,27.8,,0,,9.8,,0,,0,,0,,0,,,,,
-83.09,42.1,AMHERSTBURG,6130257,2020-07-10,2020,7,10,†,32.5,,22,,27.3,,0,,9.3,,30.6,,0,,30.6,,0,,,,,
-83.09,42.1,AMHERSTBURG,6130257,2020-07-11,2020,7,11,†,30,,19.5,,24.8,,0,,6.8,,0,,0,,0,,0,,,,,
-83.09,42.1,AMHERSTBURG,6130257,2020-07-12,2020,7,12,†,28,,19.5,,23.8,,0,,5.8,,0,,0,,0,,0,,,,,
-83.09,42.1,AMHERSTBURG,6130257,2020-07-13,2020,7,13,†,28.5,,17,,22.8,,0,,4.8,,0,,0,,0,,0,,,,,
-83.09,42.1,AMHERSTBURG,6130257,2020-07-14,2020,7,14,†,30,,15.5,,22.8,,0,,4.8,,0,,0,,0,,0,,,,,
-83.09,42.1,AMHERSTBURG,6130257,2020-07-15,2020,7,15,†,32,,19,,25.5,,0,,7.5,,4,,0,,4,,0,,,,,
-83.09,42.1,AMHERSTBURG,6130257,2020-07-16,2020,7,16,†,28,,22,,25,,0,,7,,0,,0,,0,,0,,,,,
-83.09,42.1,AMHERSTBURG,6130257,2020-07-17,2020,7,17,†,30.5,,19.5,,25,,0,,7,,0,,0,,0,,0,,,,,
-83.09,42.1,AMHERSTBURG,6130257,2020-07-18,2020,7,18,†,34,,20.5,,27.3,,0,,9.3,,0,,0,,0,,0,,,,,
-83.09,42.1,AMHERSTBURG,6130257,2020-07-19,2020,7,19,†,31,,22.5,,26.8,,0,,8.8,,27.6,,0,,27.6,,0,,,,,
-83.09,42.1,AMHERSTBURG,6130257,2020-07-20,2020,7,20,†,31.5,,21,,26.3,,0,,8.3,,0,,0,,0,,0,,,,,
-83.09,42.1,AMHERSTBURG,6130257,2020-07-21,2020,7,21,†,29.5,,19.5,,24.5,,0,,6.5,,1,,0,,1,,0,,,,,
-83.09,42.1,AMHERSTBURG,6130257,2020-07-22,2020,7,22,†,29.5,,22,,25.8,,0,,7.8,,0,,0,,0,,0,,,,,
-83.09,42.1,AMHERSTBURG,6130257,2020-07-23,2020,7,23,†,29,,22,,25.5,,0,,7.5,,0,,0,,0,,0,,,,,
-83.09,42.1,AMHERSTBURG,6130257,2020-07-24,2020,7,24,†,29,,16.5,,22.8,,0,,4.8,,0,,0,,0,,0,,,,,
-83.09,42.1,AMHERSTBURG,6130257,2020-07-25,2020,7,25,†,31.5,,17,,24.3,,0,,6.3,,0,,0,,0,,0,,,,,
-83.09,42.1,AMHERSTBURG,6130257,2020-07-26,2020,7,26,†,34,,22,,28,,0,,10,,0,,0,,0,,0,,,,,
-83.09,42.1,AMHERSTBURG,6130257,2020-07-27,2020,7,27,†,32,,25.5,,28.8,,0,,10.8,,0,,0,,0,,0,,,,,
-83.09,42.1,AMHERSTBURG,6130257,2020-07-28,2020,7,28,†,32,,17.5,,24.8,,0,,6.8,,0,,0,,0,,0,,,,,
-83.09,42.1,AMHERSTBURG,6130257,2020-07-29,2020,7,29,†,31,,21,,26,,0,,8,,12.2,,0,,12.2,,0,,,,,
-83.09,42.1,AMHERSTBURG,6130257,2020-07-30,2020,7,30,†,28.5,,21,,24.8,,0,,6.8,,0,,0,,0,,0,,,,,
-83.09,42.1,AMHERSTBURG,6130257,2020-07-31,2020,7,31,†,28.5,,16.5,,22.5,,0,,4.5,,0,,0,,0,,0,,,,,
-83.09,42.1,AMHERSTBURG,6130257,2020-08-01,2020,8,1,†,25.5,,18,,21.8,,0,,3.8,,13.4,,0,,13.4,,0,,,,,
-83.09,42.1,AMHERSTBURG,6130257,2020-08-02,2020,8,2,†,23.5,,20,,21.8,,0,,3.8,,1.8,,0,,1.8,,0,,,,,
-83.09,42.1,AMHERSTBURG,6130257,2020-08-03,2020,8,3,†,29.5,,17.5,,23.5,,0,,5.5,,1.2,,0,,1.2,,0,,,,,
-83.09,42.1,AMHERSTBURG,6130257,2020-08-04,2020,8,4,†,25,,17,,21,,0,,3,,0,,0,,0,,0,,,,,
-83.09,42.1,AMHERSTBURG,6130257,2020-08-05,2020,8,5,†,26,,13.5,,19.8,,0,,1.8,,0,,0,,0,,0,,,,,
-83.09,42.1,AMHERSTBURG,6130257,2020-08-06,2020,8,6,†,26.5,,14,,20.3,,0,,2.3,,0,,0,,0,,0,,,,,
-83.09,42.1,AMHERSTBURG,6130257,2020-08-07,2020,8,7,†,28,,13.5,,20.8,,0,,2.8,,0,,0,,0,,0,,,,,
-83.09,42.1,AMHERSTBURG,6130257,2020-08-08,2020,8,8,†,30,,14,,22,,0,,4,,0,,0,,0,,0,,,,,
-83.09,42.1,AMHERSTBURG,6130257,2020-08-09,2020,8,9,†,32.5,,20.5,,26.5,,0,,8.5,,0,,0,,0,,0,,,,,
-83.09,42.1,AMHERSTBURG,6130257,2020-08-10,2020,8,10,†,33,,22,,27.5,,0,,9.5,,0,,0,,0,,0,,,,,
-83.09,42.1,AMHERSTBURG,6130257,2020-08-11,2020,8,11,†,31,,21,,26,,0,,8,,0,,0,,0,,0,,,,,
-83.09,42.1,AMHERSTBURG,6130257,2020-08-12,2020,8,12,†,30.5,,16,,23.3,,0,,5.3,,0,,0,,0,,0,,,,,
-83.09,42.1,AMHERSTBURG,6130257,2020-08-13,2020,8,13,†,32,,15,,23.5,,0,,5.5,,0,,0,,0,,0,,,,,
-83.09,42.1,AMHERSTBURG,6130257,2020-08-14,2020,8,14,†,33,,21,,27,,0,,9,,0,,0,,0,,0,,,,,
-83.09,42.1,AMHERSTBURG,6130257,2020-08-15,2020,8,15,†,32.5,,20,,26.3,,0,,8.3,,1.6,,0,,1.6,,0,,,,,
-83.09,42.1,AMHERSTBURG,6130257,2020-08-16,2020,8,16,†,27.5,,20,,23.8,,0,,5.8,,19.8,,0,,19.8,,0,,,,,
-83.09,42.1,AMHERSTBURG,6130257,2020-08-17,2020,8,17,†,29.5,,15.5,,22.5,,0,,4.5,,0,,0,,0,,0,,,,,
-83.09,42.1,AMHERSTBURG,6130257,2020-08-18,2020,8,18,†,25.5,,17,,21.3,,0,,3.3,,0,,0,,0,,0,,,,,
-83.09,42.1,AMHERSTBURG,6130257,2020-08-19,2020,8,19,†,26,,13,,19.5,,0,,1.5,,0,,0,,0,,0,,,,,
-83.09,42.1,AMHERSTBURG,6130257,2020-08-20,2020,8,20,†,28,,13,,20.5,,0,,2.5,,0,,0,,0,,0,,,,,
-83.09,42.1,AMHERSTBURG,6130257,2020-08-21,2020,8,21,†,32,,16.5,,24.3,,0,,6.3,,0,,0,,0,,0,,,,,
-83.09,42.1,AMHERSTBURG,6130257,2020-08-22,2020,8,22,†,33,,17.5,,25.3,,0,,7.3,,0,,0,,0,,0,,,,,
-83.09,42.1,AMHERSTBURG,6130257,2020-08-23,2020,8,23,†,33.5,,20.5,,27,,0,,9,,0,,0,,0,,0,,,,,
-83.09,42.1,AMHERSTBURG,6130257,2020-08-24,2020,8,24,†,33,,20,,26.5,,0,,8.5,,0,T,0,,0,T,0,,,,,
-83.09,42.1,AMHERSTBURG,6130257,2020-08-25,2020,8,25,†,30.5,,22.5,,26.5,,0,,8.5,,0.3,,0,,0.3,,0,,,,,
-83.09,42.1,AMHERSTBURG,6130257,2020-08-26,2020,8,26,†,30,,19,,24.5,,0,,6.5,,1.6,,0,,1.6,,0,,,,,
-83.09,42.1,AMHERSTBURG,6130257,2020-08-27,2020,8,27,†,35.5,,23.5,,29.5,,0,,11.5,,4.2,,0,,4.2,,0,,,,,
-83.09,42.1,AMHERSTBURG,6130257,2020-08-28,2020,8,28,†,28.5,,20.5,,24.5,,0,,6.5,,25,,0,,25,,0,,,,,
-83.09,42.1,AMHERSTBURG,6130257,2020-08-29,2020,8,29,†,27,,20,,23.5,,0,,5.5,,0,,0,,0,,0,,,,,
-83.09,42.1,AMHERSTBURG,6130257,2020-08-30,2020,8,30,†,26,,14,,20,,0,,2,,0,,0,,0,,0,,,,,
-83.09,42.1,AMHERSTBURG,6130257,2020-08-31,2020,8,31,†,28,,14,,21,,0,,3,,0,,0,,0,,0,,,,,
-83.09,42.1,AMHERSTBURG,6130257,2020-09-01,2020,9,1,†,30.5,,18,,24.3,,0,,6.3,,0,,0,,0,,0,,,,,
-83.09,42.1,AMHERSTBURG,6130257,2020-09-02,2020,9,2,†,28,,22,,25,,0,,7,,0,,0,,0,,0,,,,,
-83.09,42.1,AMHERSTBURG,6130257,2020-09-03,2020,9,3,†,30.5,,15.5,,23,,0,,5,,0,,0,,0,,0,,,,,
-83.09,42.1,AMHERSTBURG,6130257,2020-09-04,2020,9,4,†,25,,14,,19.5,,0,,1.5,,0,,0,,0,,0,,,,,
-83.09,42.1,AMHERSTBURG,6130257,2020-09-05,2020,9,5,†,26.5,,13,,19.8,,0,,1.8,,0,,0,,0,,0,,,,,
-83.09,42.1,AMHERSTBURG,6130257,2020-09-06,2020,9,6,†,24.5,,11,,17.8,,0.2,,0,,27.6,,0,,27.6,,0,,,,,
-83.09,42.1,AMHERSTBURG,6130257,2020-09-07,2020,9,7,†,27.5,,19,,23.3,,0,,5.3,,7.3,,0,,7.3,,0,,,,,
-83.09,42.1,AMHERSTBURG,6130257,2020-09-08,2020,9,8,†,26,,14,,20,,0,,2,,3.8,,0,,3.8,,0,,,,,
-83.09,42.1,AMHERSTBURG,6130257,2020-09-09,2020,9,9,†,22,,15.5,,18.8,,0,,0.8,,0.4,,0,,0.4,,0,,,,,
-83.09,42.1,AMHERSTBURG,6130257,2020-09-10,2020,9,10,†,19,,16.5,,17.8,,0.2,,0,,0,T,0,,0,T,0,,,,,
-83.09,42.1,AMHERSTBURG,6130257,2020-09-11,2020,9,11,†,20,,13.5,,16.8,,1.2,,0,,0,,0,,0,,0,,,,,
-83.09,42.1,AMHERSTBURG,6130257,2020-09-12,2020,9,12,†,27.5,,12.5,,20,,0,,2,,2.6,,0,,2.6,,0,,,,,
-83.09,42.1,AMHERSTBURG,6130257,2020-09-13,2020,9,13,†,25.5,,19,,22.3,,0,,4.3,,0,,0,,0,,0,,,,,
-83.09,42.1,AMHERSTBURG,6130257,2020-09-14,2020,9,14,†,20,,13.5,,16.8,,1.2,,0,,0,,0,,0,,0,,,,,
-83.09,42.1,AMHERSTBURG,6130257,2020-09-15,2020,9,15,†,21.5,,7,,14.3,,3.7,,0,,0,,0,,0,,0,,,,,
-83.09,42.1,AMHERSTBURG,6130257,2020-09-16,2020,9,16,†,25,,13.5,,19.3,,0,,1.3,,0,,0,,0,,0,,,,,
-83.09,42.1,AMHERSTBURG,6130257,2020-09-17,2020,9,17,†,21,,14,,17.5,,0.5,,0,,0,,0,,0,,0,,,,,
-83.09,42.1,AMHERSTBURG,6130257,2020-09-18,2020,9,18,†,18,,8,,13,,5,,0,,0,,0,,0,,0,,,,,
-83.09,42.1,AMHERSTBURG,6130257,2020-09-19,2020,9,19,†,18,,1.5,,9.8,,8.2,,0,,0,,0,,0,,0,,,,,
-83.09,42.1,AMHERSTBURG,6130257,2020-09-20,2020,9,20,†,21,,5.5,,13.3,,4.7,,0,,0,,0,,0,,0,,,,,
-83.09,42.1,AMHERSTBURG,6130257,2020-09-21,2020,9,21,†,22,,5.5,,13.8,,4.2,,0,,0,,0,,0,,0,,,,,
-83.09,42.1,AMHERSTBURG,6130257,2020-09-22,2020,9,22,†,25,,7.5,,16.3,,1.7,,0,,0,,0,,0,,0,,,,,
-83.09,42.1,AMHERSTBURG,6130257,2020-09-23,2020,9,23,†,27,,10.5,,18.8,,0,,0.8,,0,,0,,0,,0,,,,,
-83.09,42.1,AMHERSTBURG,6130257,2020-09-24,2020,9,24,†,26,,13,,19.5,,0,,1.5,,0,,0,,0,,0,,,,,
-83.09,42.1,AMHERSTBURG,6130257,2020-09-25,2020,9,25,†,28,,10.5,,19.3,,0,,1.3,,0,,0,,0,,0,,,,,
-83.09,42.1,AMHERSTBURG,6130257,2020-09-26,2020,9,26,†,27.5,,14.5,,21,,0,,3,,0,,0,,0,,0,,,,,
-83.09,42.1,AMHERSTBURG,6130257,2020-09-27,2020,9,27,†,27,,18,,22.5,,0,,4.5,,0,,0,,0,,0,,,,,
-83.09,42.1,AMHERSTBURG,6130257,2020-09-28,2020,9,28,†,20,,14.5,,17.3,,0.7,,0,,3.4,,0,,3.4,,0,,,,,
-83.09,42.1,AMHERSTBURG,6130257,2020-09-29,2020,9,29,†,18.5,,9.5,,14,,4,,0,,0,,0,,0,,0,,,,,
-83.09,42.1,AMHERSTBURG,6130257,2020-09-30,2020,9,30,†,19,,10,,14.5,,3.5,,0,,5.2,,0,,5.2,,0,,,,,
-83.09,42.1,AMHERSTBURG,6130257,2020-10-01,2020,10,1,†,18.5,,8,,13.3,,4.7,,0,,4.6,,0,,4.6,,0,,,,,
-83.09,42.1,AMHERSTBURG,6130257,2020-10-02,2020,10,2,†,13.5,,5,,9.3,,8.7,,0,,0,,0,,0,,0,,,,,
-83.09,42.1,AMHERSTBURG,6130257,2020-10-03,2020,10,3,†,17,,4.5,,10.8,,7.2,,0,,1.4,,0,,1.4,,0,,,,,
-83.09,42.1,AMHERSTBURG,6130257,2020-10-04,2020,10,4,†,13,,9,,11,,7,,0,,3,,0,,3,,0,,,,,
-83.09,42.1,AMHERSTBURG,6130257,2020-10-05,2020,10,5,,,,,,,,,,,,,,,,,,,,,,,
-83.09,42.1,AMHERSTBURG,6130257,2020-10-06,2020,10,6,†,22,,9.5,,15.8,,2.2,,0,,0,,0,,0,,0,,,,,
-83.09,42.1,AMHERSTBURG,6130257,2020-10-07,2020,10,7,†,23,,14,,18.5,,0,,0.5,,0,,0,,0,,0,,,,,
-83.09,42.1,AMHERSTBURG,6130257,2020-10-08,2020,10,8,†,21.5,,4.5,,13,,5,,0,,0,,0,,0,,0,,,,,
-83.09,42.1,AMHERSTBURG,6130257,2020-10-09,2020,10,9,†,23,,4.5,,13.8,,4.2,,0,,0,,0,,0,,0,,,,,
-83.09,42.1,AMHERSTBURG,6130257,2020-10-10,2020,10,10,†,26.5,,16,,21.3,,0,,3.3,,0,,0,,0,,0,,,,,
-83.09,42.1,AMHERSTBURG,6130257,2020-10-11,2020,10,11,†,19.5,,11.5,,15.5,,2.5,,0,,0,,0,,0,,0,,,,,
-83.09,42.1,AMHERSTBURG,6130257,2020-10-12,2020,10,12,†,24,,10.5,,17.3,,0.7,,0,,7.4,,0,,7.4,,0,,,,,
-83.09,42.1,AMHERSTBURG,6130257,2020-10-13,2020,10,13,†,20.5,,7,,13.8,,4.2,,0,,0,,0,,0,,0,,,,,
-83.09,42.1,AMHERSTBURG,6130257,2020-10-14,2020,10,14,†,19,,6,,12.5,,5.5,,0,,0.8,,0,,0.8,,0,,,,,
-83.09,42.1,AMHERSTBURG,6130257,2020-10-15,2020,10,15,†,15.5,,11,,13.3,,4.7,,0,,1.8,,0,,1.8,,0,,,,,
-83.09,42.1,AMHERSTBURG,6130257,2020-10-16,2020,10,16,†,14,,0.5,,7.3,,10.7,,0,,0,,0,,0,,0,,,,,
-83.09,42.1,AMHERSTBURG,6130257,2020-10-17,2020,10,17,†,14,,3.5,,8.8,,9.2,,0,,0.4,,0,,0.4,,0,,,,,
-83.09,42.1,AMHERSTBURG,6130257,2020-10-18,2020,10,18,†,15.5,,10,,12.8,,5.2,,0,,4,,0,,4,,0,,,,,
-83.09,42.1,AMHERSTBURG,6130257,2020-10-19,2020,10,19,†,9,,5.5,,7.3,,10.7,,0,,6.2,,0,,6.2,,0,,,,,
-83.09,42.1,AMHERSTBURG,6130257,2020-10-20,2020,10,20,†,15.5,,5.5,,10.5,,7.5,,0,,12,,0,,12,,0,,,,,
-83.09,42.1,AMHERSTBURG,6130257,2020-10-21,2020,10,21,†,16,,9.5,,12.8,,5.2,,0,,24.6,,0,,24.6,,0,,,,,
-83.09,42.1,AMHERSTBURG,6130257,2020-10-22,2020,10,22,†,17,,8.5,,12.8,,5.2,,0,,0.4,,0,,0.4,,0,,,,,
-83.09,42.1,AMHERSTBURG,6130257,2020-10-23,2020,10,23,†,26,,13,,19.5,,0,,1.5,,11,,0,,11,,0,,,,,
-83.09,42.1,AMHERSTBURG,6130257,2020-10-24,2020,10,24,†,10,,4,,7,,11,,0,,0,,0,,0,,0,,,,,
-83.09,42.1,AMHERSTBURG,6130257,2020-10-25,2020,10,25,†,8.5,,2,,5.3,,12.7,,0,,1,,0,,1,,0,,,,,
-83.09,42.1,AMHERSTBURG,6130257,2020-10-26,2020,10,26,†,9.5,,5.5,,7.5,,10.5,,0,,0,,0,,0,,0,,,,,
-83.09,42.1,AMHERSTBURG,6130257,2020-10-27,2020,10,27,†,7,,4.5,,5.8,,12.2,,0,,5.2,,0,,5.2,,0,,,,,
-83.09,42.1,AMHERSTBURG,6130257,2020-10-28,2020,10,28,,,,,,,,,,,,,,,,,,,,,,,
-83.09,42.1,AMHERSTBURG,6130257,2020-10-29,2020,10,29,†,12,,5,,8.5,,9.5,,0,,0.6,,0,,0.6,,0,,,,,
-83.09,42.1,AMHERSTBURG,6130257,2020-10-30,2020,10,30,†,5.5,,3.5,,4.5,,13.5,,0,,0,,0,,0,,0,,,,,
-83.09,42.1,AMHERSTBURG,6130257,2020-10-31,2020,10,31,†,11,,-4,,3.5,,14.5,,0,,1.2,,0,,1.2,,0,,,,,
-83.09,42.1,AMHERSTBURG,6130257,2020-11-01,2020,11,1,†,9.5,,1.5,,5.5,,12.5,,0,,0,T,0,T,0,T,0,,,,,
-83.09,42.1,AMHERSTBURG,6130257,2020-11-02,2020,11,2,†,9.5,,-2,,3.8,,14.2,,0,,0,,0,,0,,0,,,,,
-83.09,42.1,AMHERSTBURG,6130257,2020-11-03,2020,11,3,†,13.5,,2,,7.8,,10.2,,0,,0,,0,,0,,0,,,,,
-83.09,42.1,AMHERSTBURG,6130257,2020-11-04,2020,11,4,†,19.5,,7.5,,13.5,,4.5,,0,,0,,0,,0,,0,,,,,
-83.09,42.1,AMHERSTBURG,6130257,2020-11-05,2020,11,5,†,16,,10,,13,,5,,0,,0,,0,,0,,0,,,,,
-83.09,42.1,AMHERSTBURG,6130257,2020-11-06,2020,11,6,†,20,,6.5,,13.3,,4.7,,0,,0,,0,,0,,0,,,,,
-83.09,42.1,AMHERSTBURG,6130257,2020-11-07,2020,11,7,†,21,,6,,13.5,,4.5,,0,,0,,0,,0,,0,,,,,
-83.09,42.1,AMHERSTBURG,6130257,2020-11-08,2020,11,8,†,22,,5,,13.5,,4.5,,0,,0,,0,,0,,0,,,,,
-83.09,42.1,AMHERSTBURG,6130257,2020-11-09,2020,11,9,†,23,,7,,15,,3,,0,,0,,0,,0,,0,,,,,
-83.09,42.1,AMHERSTBURG,6130257,2020-11-10,2020,11,10,†,24,,13,,18.5,,0,,0.5,,8,,0,,8,,0,,,,,
-83.09,42.1,AMHERSTBURG,6130257,2020-11-11,2020,11,11,†,12,,7,,9.5,,8.5,,0,,0,,0,,0,,0,,,,,
-83.09,42.1,AMHERSTBURG,6130257,2020-11-12,2020,11,12,†,10,,-2,,4,,14,,0,,0,,0,,0,,0,,,,,
-83.09,42.1,AMHERSTBURG,6130257,2020-11-13,2020,11,13,†,10,,0.5,,5.3,,12.7,,0,,0,,0,,0,,0,,,,,
-83.09,42.1,AMHERSTBURG,6130257,2020-11-14,2020,11,14,†,10,,-5,,2.5,,15.5,,0,,19,,0,,19,,0,,,,,
-83.09,42.1,AMHERSTBURG,6130257,2020-11-15,2020,11,15,†,12,,5,,8.5,,9.5,,0,,3.4,,0,,3.4,,0,,,,,
-83.09,42.1,AMHERSTBURG,6130257,2020-11-16,2020,11,16,†,7.5,,3,,5.3,,12.7,,0,,0,,0,T,0,T,0,,,,,
-83.09,42.1,AMHERSTBURG,6130257,2020-11-17,2020,11,17,†,3,,-0.5,,1.3,,16.7,,0,,0,,0,,0,,0,T,,,,
-83.09,42.1,AMHERSTBURG,6130257,2020-11-18,2020,11,18,†,7,,-4.5,,1.3,,16.7,,0,,0,,0,,0,,0,,,,,
-83.09,42.1,AMHERSTBURG,6130257,2020-11-19,2020,11,19,†,16.5,,4,,10.3,,7.7,,0,,0,,0,,0,,0,,,,,
-83.09,42.1,AMHERSTBURG,6130257,2020-11-20,2020,11,20,†,19,,9,,14,,4,,0,,0,,0,,0,,0,,,,,
-83.09,42.1,AMHERSTBURG,6130257,2020-11-21,2020,11,21,†,8,,2,,5,,13,,0,,4.8,,3,,7.8,,0,,,,,
-83.09,42.1,AMHERSTBURG,6130257,2020-11-22,2020,11,22,†,2,,0,,1,,17,,0,,0,,4,,4,,3,,,,,
-83.09,42.1,AMHERSTBURG,6130257,2020-11-23,2020,11,23,†,7,,0.5,,3.8,,14.2,,0,,0,,0,,0,,5,,,,,
-83.09,42.1,AMHERSTBURG,6130257,2020-11-24,2020,11,24,†,6,,-5,,0.5,,17.5,,0,,3.2,,0,,3.2,,0,,,,,
-83.09,42.1,AMHERSTBURG,6130257,2020-11-25,2020,11,25,†,10.5,,2.5,,6.5,,11.5,,0,,14,,0,,14,,0,,,,,
-83.09,42.1,AMHERSTBURG,6130257,2020-11-26,2020,11,26,†,10,,7.5,,8.8,,9.2,,0,,0.6,,0,,0.6,,0,,,,,
-83.09,42.1,AMHERSTBURG,6130257,2020-11-27,2020,11,27,†,8,,5,,6.5,,11.5,,0,,0,,0,,0,,0,,,,,
-83.09,42.1,AMHERSTBURG,6130257,2020-11-28,2020,11,28,†,8,,-1,,3.5,,14.5,,0,,0,,0,,0,,0,,,,,
-83.09,42.1,AMHERSTBURG,6130257,2020-11-29,2020,11,29,†,10,,2,,6,,12,,0,,6,,0,T,6,,0,,,,,
-83.09,42.1,AMHERSTBURG,6130257,2020-11-30,2020,11,30,†,2,,0,,1,,17,,0,,3.8,,13,,16.8,,0,,,,,
-83.09,42.1,AMHERSTBURG,6130257,2020-12-01,2020,12,1,†,2,,-4,,-1,,19,,0,,0,,2,,2,,10,,,,,
-83.09,42.1,AMHERSTBURG,6130257,2020-12-02,2020,12,2,†,7,,-1,,3,,15,,0,,0,,0,,0,,9,,,,,
-83.09,42.1,AMHERSTBURG,6130257,2020-12-03,2020,12,3,†,7.5,,-1,,3.3,,14.7,,0,,0,,0,,0,,4,,,,,
-83.09,42.1,AMHERSTBURG,6130257,2020-12-04,2020,12,4,†,8.5,,2,,5.3,,12.7,,0,,0,,0,,0,,0,T,,,,
-83.09,42.1,AMHERSTBURG,6130257,2020-12-05,2020,12,5,†,3,,-1,,1,,17,,0,,0,,0,,0,,0,,,,,
-83.09,42.1,AMHERSTBURG,6130257,2020-12-06,2020,12,6,†,1,,-4.5,,-1.8,,19.8,,0,,0,,0,,0,,0,,,,,
-83.09,42.1,AMHERSTBURG,6130257,2020-12-07,2020,12,7,†,2,,-1,,0.5,,17.5,,0,,0,,0,,0,,0,,,,,
-83.09,42.1,AMHERSTBURG,6130257,2020-12-08,2020,12,8,†,5,,-5,,0,,18,,0,,0,,0,,0,,0,,,,,
-83.09,42.1,AMHERSTBURG,6130257,2020-12-09,2020,12,9,†,6,,1,,3.5,,14.5,,0,,0,,0,,0,,0,,,,,
-83.09,42.1,AMHERSTBURG,6130257,2020-12-10,2020,12,10,†,9,,-4,,2.5,,15.5,,0,,0,,0,,0,,0,,,,,
-83.09,42.1,AMHERSTBURG,6130257,2020-12-11,2020,12,11,†,10,,0.5,,5.3,,12.7,,0,,4.8,,0,,4.8,,0,,,,,
-83.09,42.1,AMHERSTBURG,6130257,2020-12-12,2020,12,12,†,12.5,,4,,8.3,,9.7,,0,,4.2,,0,,4.2,,0,,,,,
-83.09,42.1,AMHERSTBURG,6130257,2020-12-13,2020,12,13,†,3,,0,,1.5,,16.5,,0,,0,,0,,0,,0,,,,,
-83.09,42.1,AMHERSTBURG,6130257,2020-12-14,2020,12,14,†,2,,-0.5,,0.8,,17.2,,0,,0,,0,,0,,0,,,,,
-83.09,42.1,AMHERSTBURG,6130257,2020-12-15,2020,12,15,†,-1,,-6,,-3.5,,21.5,,0,,0,,0,,0,,0,,,,,
-83.09,42.1,AMHERSTBURG,6130257,2020-12-16,2020,12,16,†,0.5,,-5,,-2.3,,20.3,,0,,0,,1,,1,,0,,,,,
-83.09,42.1,AMHERSTBURG,6130257,2020-12-17,2020,12,17,†,0,,-3,,-1.5,,19.5,,0,,0,,5,,5,,1,,,,,
-83.09,42.1,AMHERSTBURG,6130257,2020-12-18,2020,12,18,†,2,,-2,,0,,18,,0,,0,,0,,0,,6,,,,,
-83.09,42.1,AMHERSTBURG,6130257,2020-12-19,2020,12,19,†,3.5,,-1.5,,1,,17,,0,,0.6,,0,,0.6,,2,,,,,
-83.09,42.1,AMHERSTBURG,6130257,2020-12-20,2020,12,20,†,5,,1,,3,,15,,0,,0,,0,,0,,0,,,,,
-83.09,42.1,AMHERSTBURG,6130257,2020-12-21,2020,12,21,†,5,,-1,,2,,16,,0,,2.4,,0,,2.4,,0,,,,,
-83.09,42.1,AMHERSTBURG,6130257,2020-12-22,2020,12,22,†,5.5,,2,,3.8,,14.2,,0,,0,,0,,0,,0,,,,,
-83.09,42.1,AMHERSTBURG,6130257,2020-12-23,2020,12,23,†,9,,1.5,,5.3,,12.7,,0,,1,,0,,1,,0,,,,,
-83.09,42.1,AMHERSTBURG,6130257,2020-12-24,2020,12,24,†,0,,-4.5,,-2.3,,20.3,,0,,0,,3,,3,,0,,,,,
-83.09,42.1,AMHERSTBURG,6130257,2020-12-25,2020,12,25,†,-5,,-7.5,,-6.3,,24.3,,0,,0,,6,,6,,3,,,,,
-83.09,42.1,AMHERSTBURG,6130257,2020-12-26,2020,12,26,†,-2,,-7.5,,-4.8,,22.8,,0,,0,,0,,0,,8,,,,,
-83.09,42.1,AMHERSTBURG,6130257,2020-12-27,2020,12,27,†,7,,-7,,0,,18,,0,,0.6,,0,,0.6,,4,,,,,
-83.09,42.1,AMHERSTBURG,6130257,2020-12-28,2020,12,28,†,2,,0,,1,,17,,0,,0,,0,,0,,0,T,,,,
-83.09,42.1,AMHERSTBURG,6130257,2020-12-29,2020,12,29,†,2,,-5,,-1.5,,19.5,,0,,0,T,0,T,0,T,0,,,,,
-83.09,42.1,AMHERSTBURG,6130257,2020-12-30,2020,12,30,†,7,,-3,,2,,16,,0,,5,,0,,5,,0,T,,,,
-83.09,42.1,AMHERSTBURG,6130257,2020-12-31,2020,12,31,†,0.5,,-1.5,,-0.5,,18.5,,0,,0,,0,,0,,0,,,,,
